,0
"
사랑인가 봐
","
멜로망스(MeloMance)
"
"
INVU
","
태연 (TAEYEON)
"
"
듣고 싶을까
","
MSG워너비(M.O.M)
"
"
RUN2U
","
STAYC(스테이씨)
"
"
어제처럼
","
폴킴(Paul Kim)
"
"
abcdefu
","
GAYLE
"
"
존재만으로
","
원슈타인
"
"
손을 잡는다거나, 같이 걷는다거나
","
적재
"
"
Stronger (What Doesn't Kill You)
","
Kelly Clarkson(켈리 클락슨)
"
"
SMILEY (Feat. BIBI)
","
YENA (최예나)
"
"
ELEVEN
","
IVE (아이브)
"
"
취중고백
","
김민석 (멜로망스)
"
"
Step Back
","
GOT the beat
"
"
그래서 그래 (Feat. 윤하)
","
에픽하이 (EPIK HIGH)
"
"
회전목마 (Feat. Zion.T, 원슈타인) (Prod. Slom)
","
sokodomo
"
"
사랑은 늘 도망가
","
임영웅
"
"
Weekend
","
태연 (TAEYEON)
"
"
내 생에 아름다운
","
이예준
"
"
새벽을 믿지 말자
","

개코


개코
 "
"
Can't Control Myself
","
태연 (TAEYEON)
"
"
이젠 친구에서 연인이 되고 싶어
","
먼데이 키즈(Monday Kiz)
"
"
Light Switch
","
Charlie Puth(찰리 푸스)
"
"
드라마
","
아이유(IU)
"
"
언제나 사랑해
","
케이시
"
"
Peaches (feat. Daniel Caesar, Giveon)
","
Justin Bieber(저스틴 비버)
"
"
O.O
","
NMIXX
"
"
Loving You Girl (feat. Hkeem)
","
Peder Elias
"
"
Dreams Come True
","
aespa
"
"
strawberry moon
","
아이유(IU)
"
"
노래 (The Song)
","
비투비
"
"
STAY
","

The Kid LAROI


The Kid LAROI
 "
"
신호등
","
이무진
"
"
우리가 헤어져야 했던 이유
","
비비(BIBI)
"
"
My Universe
","

Coldplay(콜드플레이)


Coldplay(콜드플레이)
 "
"
Next Level
","
aespa
"
"
Tiny Riot
","
Sam Ryder
"
"
Off My Face
","
Justin Bieber(저스틴 비버)
"
"
너 아니면 안돼
","
먼데이 키즈(Monday Kiz)
"
"
BOP BOP!
","
VIVIZ (비비지)
"
"
서랍
","
10CM
"
"
잊을 수 있을까
","
노을
"
"
DM
","
프로미스나인
"
"
그런 밤 (Some Nights)
","
태연 (TAEYEON)
"
"
Stardust love song
","
지효 (TWICE)
"
"
다정히 내 이름을 부르면
","

경서예지


경서예지
 "
"
Leave Before You Love Me
","

Marshmello(마시멜로)


Marshmello(마시멜로)
 "
"
Better Days (feat. Polo G)
","

Neiked


Neiked
 "
"
Savage
","
aespa
"
"
Hush Hush (Feat. MIYAVI) (Korean Ver.)
","
강다니엘(KANG DANIEL)
"
"
Starlight
","
태일 (TAEIL)
"
"
눈이 오잖아(Feat.헤이즈)
","
이무진
"
"
After School
","
Weeekly (위클리)
"
"
라일락
","
아이유(IU)
"
"
Butter
","
방탄소년단
"
"
리무진 (Feat. MINO) (Prod. GRAY)
","
BE'O (비오)
"
"
Celebrity
","
아이유(IU)
"
"
Permission to Dance
","
방탄소년단
"
"
문득
","
BE'O (비오)
"
"
Dynamite
","
방탄소년단
"
"
겨울잠
","
아이유(IU)
"
"
대낮에 한 이별
","

선예


선예
 "
"
Christmas Tree
","
V
"
"
그대 떠나가도
","
2am
"
"
Promise You
","
규현 (KYUHYUN)
"
"
여름비
","
샘김(Sam Kim)
"
"
Bad Habits
","
Ed Sheeran(에드 시런)
"
"
아주, 천천히
","
비비(BIBI)
"
"
Counting Stars (Feat. Beenzino)
","
BE'O (비오)
"
"
우연처럼,인연처럼,운명처럼
","
김기태
"
"
Dilemma
","
Apink (에이핑크)
"
"
이별후회
","
김나영
"
"
낙하 (with 아이유)
","
AKMU(악뮤)
"
"
호랑수월가
","
탑현
"
"
너를 생각해
","
주시크 (Joosiq)
"
"
어른아이 (Toddler)
","
태연 (TAEYEON)
"
"
만남은 쉽고 이별은 어려워 (Feat. Leellamarz) (Prod. TOIL)
","
베이식(Basick)
"
"
WA DA DA
","
Kep1er (케플러)
"
"
Blueming
","
아이유(IU)
"
"
Easy On Me
","
Adele(아델)
"
"
너, 너 (N번째 연애 X 휘인 (Whee In))
","
휘인(Whee In)
"
"
parachute
","
John K
"
"
모든 날, 모든 순간 (Every day, Every Moment)
","
폴킴(Paul Kim)
"
"
바라만 본다
","
MSG워너비(M.O.M)
"
"
Savage Love (Laxed - Siren Beat) (BTS Remix)
","

Jawsh 685


Jawsh 685
 "
"
Leave The Door Open
","

Bruno Mars(브루노 마스)


Bruno Mars(브루노 마스)
 "
"
Still I Love You
","
토요태
"
"
Polaroid Love
","
ENHYPEN
"
"
너의 모든 순간
","
성시경
"
"
Queendom
","
Red Velvet (레드벨벳)
"
"
아이와 나의 바다
","
아이유(IU)
"
"
YOUNG LUV
","
STAYC(스테이씨)
"
"
Angel Baby
","
Troye Sivan(트로이 시반)
"
"
Blinding Lights
","
The Weeknd(위켄드)
"
"
넌 감동이었어
","
성시경
"
"
헤픈 우연
","
헤이즈(Heize)
"
"
미소를 띄우며 나를 보낸 그 모습처럼
","
김소연
"
"
사랑까진 안돼요
","
숙희
"
"
Ruby (Feat. Gist)
","
제네 더 질라(Zene The Zilla)
"
"
너무 아픈 사랑은 사랑이 아니었음을
","
김기태
"
"
...사랑했잖아...
","
린(LYn)
"
